video_id,f1,iou,precision,recall,fla,vlm_threashold,temporal_filter,positive_prompt
vid1,0.8276764154434204,0.7060136795043945,0.7829925417900085,0.8777690529823303,1.0,0.12,True,white steam
vid10,0.7774119973182678,0.6358739733695984,0.9125282168388367,0.6771479845046997,1.0,0.12,True,white steam
